assessment,min,q25,q50,q75,q100,mean,count,avg_completion_time_minutes
Guía acumulativa 1,0.0,25.0,80.0,88.75,95.0,60.714285714285715,14,105.07261904761904
Guía acumulativa 2,90.0,90.0,95.0,95.0,100.0,94.0,5,43.96333333333333
Guía acumulativa 3,,,,,,,0,
