assessment,min,q25,q50,q75,q100,mean,count,avg_completion_time_minutes
Miniensayo 1,0.0,72.0,76.0,88.0,96.0,72.36363636363636,11,274.09545454545463
Miniensayo 2,68.0,71.0,76.0,81.0,100.0,78.0,8,11.6375
Miniensayo 3,0.0,0.0,27.5,57.5,65.0,30.0,4,511.95833333333326
Miniensayo 4,,,,,,,0,
