assessment,min,q25,q50,q75,q100,mean,count,avg_completion_time_minutes
Miniensayo 1,0.0,72.0,76.0,88.0,96.0,72.36363636363636,11,274.09545454545463
Miniensayo 2,64.0,68.0,76.0,80.0,100.0,76.44444444444444,9,10.50925925925926
Miniensayo 3,0.0,0.0,55.0,65.0,100.0,44.0,5,409.9033333333333
Miniensayo 4,56.0,62.0,68.0,70.0,72.0,65.33333333333333,3,2.15
