assessment,min,q25,q50,q75,q100,mean,count,avg_completion_time_minutes
Guía acumulativa 1,0.0,47.5,80.0,90.0,95.0,67.33333333333333,15,97.14333333333333
Guía acumulativa 2,80.0,90.0,95.0,95.0,100.0,92.77777777777777,9,49.8462962962963
Guía acumulativa 3,55.0,85.0,90.0,92.5,100.0,85.71428571428571,7,16.771428571428572
Guía acumulativa 4,85.0,85.0,85.0,87.5,90.0,86.66666666666667,3,6.944444444444444
