assessment,min,q25,q50,q75,q100,mean,count,avg_completion_time_minutes
Guía acumulativa 1,0.0,47.5,80.0,90.0,95.0,67.33333333333333,15,97.14333333333333
Guía acumulativa 2,80.0,90.0,95.0,97.5,100.0,92.85714285714286,7,58.471428571428575
Guía acumulativa 3,55.0,81.25,92.5,96.25,100.0,85.0,4,19.991666666666667
